,index,PLOTCODE,CX,CY,indexField
0,0,1164,236011,4205274.0,1
1,1,1165,246011,4205274.0,2
2,2,1166,256011,4205274.0,3
3,3,1167,266011,4205274.0,4
4,4,1168,276011,4205274.0,5
5,5,1169,286011,4205274.0,6
6,6,1170,296011,4205274.0,7
7,7,1171,306011,4205274.0,8
8,8,1172,316011,4205274.0,9
9,9,1173,326011,4205274.0,10
10,10,1174,336011,4205274.0,11
11,11,1175,346011,4205274.0,12
12,12,1176,356011,4205274.0,13
13,13,1177,366011,4205274.0,14
14,14,1178,376011,4205274.0,15
15,15,1179,386011,4205274.0,16
16,16,1180,396011,4205274.0,17
17,17,1181,406011,4205274.0,18
18,18,1182,416011,4205274.0,19
19,19,1183,426011,4205274.0,20
20,20,1184,436011,4205274.0,21
21,21,1185,446011,4205274.0,22
22,22,1186,456011,4205274.0,23
23,23,1187,466011,4205274.0,24
24,24,1188,476011,4205274.0,25
25,25,1189,486011,4205274.0,26
26,26,1190,496011,4205274.0,27
27,27,1191,506011,4205274.0,28
28,28,1192,516011,4205274.0,29
29,29,1193,526011,4205274.0,30
30,30,1194,536011,4205274.0,31
31,31,1195,546011,4205274.0,32
32,32,1196,556011,4205274.0,33
33,33,1197,566011,4205274.0,34
34,34,1198,576011,4205274.0,35
35,35,1199,586011,4205274.0,36
36,36,1200,596011,4205274.0,37
37,37,1201,606011,4205274.0,38
38,38,1202,616011,4205274.0,39
39,39,1203,626011,4205274.0,40
40,40,1204,636011,4205274.0,41
41,41,1205,236011,4215274.0,42
42,42,1206,246011,4215274.0,43
43,43,1207,256011,4215274.0,44
44,44,1208,266011,4215274.0,45
45,45,1209,276011,4215274.0,46
46,46,1210,286011,4215274.0,47
47,47,1211,296011,4215274.0,48
48,48,1212,306011,4215274.0,49
49,49,1213,316011,4215274.0,50
50,50,1214,326011,4215274.0,51
51,51,1215,336011,4215274.0,52
52,52,1216,346011,4215274.0,53
53,53,1217,356011,4215274.0,54
54,54,1218,366011,4215274.0,55
55,55,1219,376011,4215274.0,56
56,56,1220,386011,4215274.0,57
57,57,1221,396011,4215274.0,58
58,58,1222,406011,4215274.0,59
59,59,1223,416011,4215274.0,60
60,60,1224,426011,4215274.0,61
61,61,1225,436011,4215274.0,62
62,62,1226,446011,4215274.0,63
63,63,1227,456011,4215274.0,64
64,64,1228,466011,4215274.0,65
65,65,1229,476011,4215274.0,66
66,66,1230,486011,4215274.0,67
67,67,1231,496011,4215274.0,68
68,68,1232,506011,4215274.0,69
69,69,1233,516011,4215274.0,70
70,70,1234,526011,4215274.0,71
71,71,1235,536011,4215274.0,72
72,72,1236,546011,4215274.0,73
73,73,1237,556011,4215274.0,74
74,74,1238,566011,4215274.0,75
75,75,1239,576011,4215274.0,76
76,76,1240,586011,4215274.0,77
77,77,1241,596011,4215274.0,78
78,78,1242,606011,4215274.0,79
79,79,1243,616011,4215274.0,80
80,80,1244,626011,4215274.0,81
81,81,1245,636011,4215274.0,82
82,82,1246,236011,4225274.0,83
83,83,1247,246011,4225274.0,84
84,84,1248,256011,4225274.0,85
85,85,1249,266011,4225274.0,86
86,86,1250,276011,4225274.0,87
87,87,1251,286011,4225274.0,88
88,88,1252,296011,4225274.0,89
89,89,1253,306011,4225274.0,90
90,90,1254,316011,4225274.0,91
91,91,1255,326011,4225274.0,92
92,92,1256,336011,4225274.0,93
93,93,1257,346011,4225274.0,94
94,94,1258,356011,4225274.0,95
95,95,1259,366011,4225274.0,96
96,96,1260,376011,4225274.0,97
97,97,1261,386011,4225274.0,98
98,98,1262,396011,4225274.0,99
99,99,1263,406011,4225274.0,100
100,100,1264,416011,4225274.0,101
101,101,1265,426011,4225274.0,102
102,102,1266,436011,4225274.0,103
103,103,1267,446011,4225274.0,104
104,104,1268,456011,4225274.0,105
105,105,1269,466011,4225274.0,106
106,106,1270,476011,4225274.0,107
107,107,1271,486011,4225274.0,108
108,108,1272,496011,4225274.0,109
109,109,1273,506011,4225274.0,110
110,110,1274,516011,4225274.0,111
111,111,1275,526011,4225274.0,112
112,112,1276,536011,4225274.0,113
113,113,1277,546011,4225274.0,114
114,114,1278,556011,4225274.0,115
115,115,1279,566011,4225274.0,116
116,116,1280,576011,4225274.0,117
117,117,1281,586011,4225274.0,118
118,118,1282,596011,4225274.0,119
119,119,1283,606011,4225274.0,120
120,120,1284,616011,4225274.0,121
121,121,1285,626011,4225274.0,122
122,122,1286,636011,4225274.0,123
123,123,1287,236011,4235274.0,124
124,124,1288,246011,4235274.0,125
125,125,1289,256011,4235274.0,126
126,126,1290,266011,4235274.0,127
127,127,1291,276011,4235274.0,128
128,128,1292,286011,4235274.0,129
129,129,1293,296011,4235274.0,130
130,130,1294,306011,4235274.0,131
131,131,1295,316011,4235274.0,132
132,132,1296,326011,4235274.0,133
133,133,1297,336011,4235274.0,134
134,134,1298,346011,4235274.0,135
135,135,1299,356011,4235274.0,136
136,136,1300,366011,4235274.0,137
137,137,1301,376011,4235274.0,138
138,138,1302,386011,4235274.0,139
139,139,1303,396011,4235274.0,140
140,140,1304,406011,4235274.0,141
141,141,1305,416011,4235274.0,142
142,142,1306,426011,4235274.0,143
143,143,1307,436011,4235274.0,144
144,144,1308,446011,4235274.0,145
145,145,1309,456011,4235274.0,146
146,146,1310,466011,4235274.0,147
147,147,1311,476011,4235274.0,148
148,148,1312,486011,4235274.0,149
149,149,1313,496011,4235274.0,150
150,150,1314,506011,4235274.0,151
151,151,1315,516011,4235274.0,152
152,152,1316,526011,4235274.0,153
153,153,1317,536011,4235274.0,154
154,154,1318,546011,4235274.0,155
155,155,1319,556011,4235274.0,156
156,156,1320,566011,4235274.0,157
157,157,1321,576011,4235274.0,158
158,158,1322,586011,4235274.0,159
159,159,1323,596011,4235274.0,160
160,160,1324,606011,4235274.0,161
161,161,1325,616011,4235274.0,162
162,162,1326,626011,4235274.0,163
163,163,1327,636011,4235274.0,164
164,164,1328,236011,4245274.0,165
165,165,1329,246011,4245274.0,166
166,166,1330,256011,4245274.0,167
167,167,1331,266011,4245274.0,168
168,168,1332,276011,4245274.0,169
169,169,1333,286011,4245274.0,170
170,170,1334,296011,4245274.0,171
171,171,1335,306011,4245274.0,172
172,172,1336,316011,4245274.0,173
173,173,1337,326011,4245274.0,174
174,174,1338,336011,4245274.0,175
175,175,1339,346011,4245274.0,176
176,176,1340,356011,4245274.0,177
177,177,1341,366011,4245274.0,178
178,178,1342,376011,4245274.0,179
179,179,1343,386011,4245274.0,180
180,180,1344,396011,4245274.0,181
181,181,1345,406011,4245274.0,182
182,182,1346,416011,4245274.0,183
183,183,1347,426011,4245274.0,184
184,184,1348,436011,4245274.0,185
185,185,1349,446011,4245274.0,186
186,186,1350,456011,4245274.0,187
187,187,1351,466011,4245274.0,188
188,188,1352,476011,4245274.0,189
189,189,1353,486011,4245274.0,190
190,190,1354,496011,4245274.0,191
191,191,1355,506011,4245274.0,192
192,192,1356,516011,4245274.0,193
193,193,1357,526011,4245274.0,194
194,194,1358,536011,4245274.0,195
195,195,1359,546011,4245274.0,196
196,196,1360,556011,4245274.0,197
197,197,1361,566011,4245274.0,198
198,198,1362,576011,4245274.0,199
199,199,1363,586011,4245274.0,200
200,200,1364,596011,4245274.0,201
201,201,1365,606011,4245274.0,202
202,202,1366,616011,4245274.0,203
203,203,1367,626011,4245274.0,204
204,204,1368,636011,4245274.0,205
205,205,1369,236011,4255274.0,206
206,206,1370,246011,4255274.0,207
207,207,1371,256011,4255274.0,208
208,208,1372,266011,4255274.0,209
209,209,1373,276011,4255274.0,210
210,210,1374,286011,4255274.0,211
211,211,1375,296011,4255274.0,212
212,212,1376,306011,4255274.0,213
213,213,1377,316011,4255274.0,214
214,214,1378,326011,4255274.0,215
215,215,1379,336011,4255274.0,216
216,216,1380,346011,4255274.0,217
217,217,1381,356011,4255274.0,218
218,218,1382,366011,4255274.0,219
219,219,1383,376011,4255274.0,220
220,220,1384,386011,4255274.0,221
221,221,1385,396011,4255274.0,222
222,222,1386,406011,4255274.0,223
223,223,1387,416011,4255274.0,224
224,224,1388,426011,4255274.0,225
225,225,1389,436011,4255274.0,226
226,226,1390,446011,4255274.0,227
227,227,1391,456011,4255274.0,228
228,228,1392,466011,4255274.0,229
229,229,1393,476011,4255274.0,230
230,230,1394,486011,4255274.0,231
231,231,1395,496011,4255274.0,232
232,232,1396,506011,4255274.0,233
233,233,1397,516011,4255274.0,234
234,234,1398,526011,4255274.0,235
235,235,1399,536011,4255274.0,236
236,236,1400,546011,4255274.0,237
237,237,1401,556011,4255274.0,238
238,238,1402,566011,4255274.0,239
239,239,1403,576011,4255274.0,240
240,240,1404,586011,4255274.0,241
241,241,1405,596011,4255274.0,242
242,242,1406,606011,4255274.0,243
243,243,1407,616011,4255274.0,244
244,244,1408,626011,4255274.0,245
245,245,1409,636011,4255274.0,246
246,246,1410,236011,4265274.0,247
247,247,1411,246011,4275274.0,248
248,248,1412,256011,4285274.0,249
249,249,1413,266011,4295274.0,250
250,250,1414,276011,4305274.0,251
251,251,1415,286011,4315274.0,252
252,252,1416,296011,4325274.0,253
253,253,1417,306011,4335274.0,254
254,254,1418,316011,4345274.0,255
255,255,1419,326011,4355274.0,256
256,256,1420,336011,4365274.0,257
257,257,1421,346011,4375274.0,258
258,258,1422,356011,4385274.0,259
259,259,1423,366011,4395274.0,260
260,260,1424,376011,4405274.0,261
261,261,1425,386011,4415274.0,262
262,262,1426,396011,4425274.0,263
263,263,1427,406011,4435274.0,264
264,264,1428,416011,4445274.0,265
265,265,1429,426011,4455274.0,266
266,266,1430,436011,4465274.0,267
267,267,1431,446011,4475274.0,268
268,268,1432,456011,4485274.0,269
269,269,1433,466011,4495274.0,270
270,270,1434,476011,4505274.0,271
271,271,1435,486011,4515274.0,272
272,272,1436,496011,4525274.0,273
273,287,1451,236011,4535274.0,274
274,288,1452,246011,4535274.0,275
275,289,1453,256011,4535274.0,276
276,290,1454,266011,4535274.0,277
277,291,1455,276011,4535274.0,278
278,292,1456,286011,4535274.0,279
279,293,1457,296011,4535274.0,280
280,294,1458,306011,4535274.0,281
281,295,1459,316011,4535274.0,282
282,296,1460,326011,4535274.0,283
283,297,1461,336011,4535274.0,284
284,298,1462,346011,4535274.0,285
285,299,1463,356011,4535274.0,286
286,300,1464,366011,4535274.0,287
287,301,1465,376011,4535274.0,288
288,302,1466,386011,4535274.0,289
289,303,1467,396011,4535274.0,290
290,304,1468,406011,4535274.0,291
291,305,1469,416011,4535274.0,292
292,306,1470,426011,4535274.0,293
293,307,1471,436011,4535274.0,294
294,308,1472,446011,4535274.0,295
295,309,1473,456011,4535274.0,296
296,310,1474,466011,4535274.0,297
297,311,1475,476011,4535274.0,298
298,312,1476,486011,4535274.0,299
299,313,1477,496011,4535274.0,300
300,314,1478,506011,4535274.0,301
301,315,1479,516011,4535274.0,302
302,316,1480,526011,4535274.0,303
303,317,1481,536011,4535274.0,304
304,318,1482,546011,4535274.0,305
305,319,1483,556011,4535274.0,306
306,320,1484,566011,4535274.0,307
307,321,1485,576011,4535274.0,308
308,322,1486,586011,4535274.0,309
309,323,1487,596011,4535274.0,310
310,324,1488,606011,4535274.0,311
311,325,1489,616011,4535274.0,312
312,326,1490,626011,4535274.0,313
313,327,1491,636011,4535274.0,314
314,328,1492,236011,4545274.0,315
315,329,1493,246011,4545274.0,316
316,330,1494,256011,4545274.0,317
317,331,1495,266011,4545274.0,318
318,332,1496,276011,4545274.0,319
319,333,1497,286011,4545274.0,320
320,334,1498,296011,4545274.0,321
321,335,1499,306011,4545274.0,322
322,336,1500,316011,4545274.0,323
323,337,1501,326011,4545274.0,324
324,338,1502,336011,4545274.0,325
325,339,1503,346011,4545274.0,326
326,340,1504,356011,4545274.0,327
327,341,1505,366011,4545274.0,328
328,342,1506,376011,4545274.0,329
329,343,1507,386011,4545274.0,330
330,344,1508,396011,4545274.0,331
331,345,1509,406011,4545274.0,332
332,346,1510,416011,4545274.0,333
333,347,1511,426011,4545274.0,334
334,348,1512,436011,4545274.0,335
335,349,1513,446011,4545274.0,336
336,350,1514,456011,4545274.0,337
337,351,1515,466011,4545274.0,338
